Model,ROC_AUC
LogisticRegression_baseline,0.6258271019211119
XGBoost,0.8486455161071209
LightGBM,0.8390837800276842
CatBoost,0.8075821242480266
HistGradientBoosting,0.7674034534813163
