,roc_auc,pr_auc,brier,f1,precision,recall,threshold
LogisticRegression_baseline,0.6257584780804625,0.33265867137411725,0.17658305623699766,0.20706658901184236,0.4692064050677459,0.13284675169390195,0.5
