,roc_auc,pr_auc,brier,f1,precision,recall,threshold
LogisticRegression_baseline,0.6258271019211119,0.3581137693567128,0.1766397953956646,0.29816191693520805,0.5376225410634292,0.20628238341968913,0.5
