n_estimators,max_depth,learning_rate,subsample,colsample_bytree,min_child_weight,reg_lambda,reg_alpha
614,10,0.1841178021234409,0.8189900523540056,0.8107796454023519,2.3649999150508534,0.004262172032811433,0.01640498107036362
