iterations,depth,learning_rate,l2_leaf_reg,subsample
769,9,0.03641580497968524,0.607786676951784,0.7333064507933497
