n_estimators,learning_rate,num_leaves,max_depth,min_child_samples,subsample,colsample_bytree,reg_lambda,reg_alpha
1216,0.0708612308651963,91,10,119,0.780753643873114,0.8388112460324594,0.009151255976605977,0.3801411388965405
