n_estimators,max_depth,learning_rate,subsample,colsample_bytree,min_child_weight,reg_lambda,reg_alpha
895,6,0.171419882109338,0.7758594773409562,0.6042929332428817,23.00714477540404,0.19669885388433328,0.7101627388410996
