iterations,depth,learning_rate,l2_leaf_reg,subsample
1337,10,0.029305857370420053,47.690064135900705,0.7313167585103231
