iterations,depth,learning_rate,l2_leaf_reg,subsample
1106,10,0.03148923115220705,35.86423500257827,0.9848931366461002
