n_estimators,learning_rate,num_leaves,max_depth,min_child_samples,subsample,colsample_bytree,reg_lambda,reg_alpha
1904,0.1333137751662002,198,9,47,0.990610389764327,0.8276876661394326,0.02320815660335955,0.017751591320741437
