mean_pred,frac_pos
0.03951097840442055,0.03648868086732257
0.14557847792769524,0.0395343196701431
0.26580528147834004,0.12983712286838653
0.3411680660748185,0.2853188017251428
0.4472203847185136,0.30962088480496563
0.5352568614475516,0.3438795364182387
0.6425686833082219,0.7398619499568594
0.7553644852808844,0.8194763435920992
0.8492772715884063,0.7277840269966255
0.9940441565771373,0.9937254901960785
