mean_pred,frac_pos
0.03803770054953053,0.04292060523063563
0.12954403196089406,0.09686023644295758
0.2713320225824474,0.12031512674292119
0.3377148824458403,0.23350578016222776
0.4491129479976234,0.37776704499718267
0.5451382631266789,0.43008215346967316
0.641461779165018,0.5886277922831448
0.7544675339690362,0.9033356024506467
0.8395393184230283,0.8488330341113106
0.9730582475687778,0.9937839937839937
