mean_pred,frac_pos
0.01968694862055021,0.07957622440127238
0.15603199180266034,0.05286549707602339
0.24877422304740346,0.22505137139283482
0.351217739985889,0.21387550333355337
0.43968569890676734,0.30502754286600975
0.5412546048443948,0.6032083038452465
0.649711470782636,0.7329758713136729
0.7569689288124102,0.8236405626705857
0.8185887833306665,0.7917795844625113
0.9828151474238715,0.9945111492281303
