mean_pred,frac_pos
0.04478979490932786,0.04524489347682847
0.15323759308816998,0.05022915094513261
0.24545130617512784,0.16431741842610365
0.3479976996123394,0.3068132378107144
0.44987860815556435,0.47605893186003684
0.5372808774450339,0.5859989033083531
0.6653441561570783,0.8163442102223506
0.7382444979425964,0.7148332694518973
0.8454162853059728,0.9889867841409692
0.9519580600633913,0.9945429740791268
