mean_pred,frac_pos
0.05049056586764379,0.06479278828095655
0.17001537850135923,0.03776792931404521
0.2506606611626293,0.16998493769683692
0.33854157788686184,0.25829511734556243
0.4409268942936481,0.36496350364963503
0.5579365115620702,0.6942620303584885
0.6626116912227374,0.7320247022496692
0.7614103660597987,0.8040201005025126
0.8414399154596188,0.9734789391575663
0.9502966926257344,0.9973013493253373
