mean_pred,frac_pos
0.029135151716410988,0.06860818295515454
0.13737758290808907,0.0785983443610361
0.2495380834588162,0.13296310140438938
0.3442812702310306,0.3023371128227166
0.4464013306827789,0.6348041464085864
0.5476468428116541,0.6277857656362329
0.644601850279594,0.7704177643959352
0.7639372314722818,0.9628386478062815
0.8468672690982826,0.9746136865342163
0.9153157911997173,1.0
