mean_pred,frac_pos
0.051542643780153496,0.03769971650113587
0.13489256472190134,0.06962576153176675
0.2550916096952177,0.31219225005352175
0.35352727575975174,0.300152080741048
0.43482875754539435,0.43221210922041947
0.5422111822999203,0.5218940936863544
0.632263432242029,0.698822463768116
0.7515263428067693,0.7149321266968326
0.8394696486893021,0.9080507593093405
0.9328006746460429,0.9595984329089128
