mean_pred,frac_pos
0.039069097450862116,0.04788614871129242
0.13692705048344894,0.11527476686968789
0.24233993572698706,0.1892385877318117
0.34596353718688033,0.34121546961325966
0.45124912020394287,0.5982125510005829
0.5493216814718861,0.4751583049196298
0.6499239981679056,0.7037242912729295
0.7447433297365177,0.7669478288034989
0.8389615831787794,0.9658742331288344
0.9720495248390773,0.9947198591962453
