mean_pred,frac_pos
0.05457615301107661,0.009896013320348089
0.13642229853965826,0.08905180840664711
0.2396717040531409,0.09342486324144589
0.35604223600363993,0.3985404896421846
0.4415642186990124,0.49458859442208963
0.540436694381676,0.5487866108786611
0.6466538343283637,0.48932764140875135
0.7542569946312253,0.9106155547364541
0.8414326678973416,0.9422680412371134
0.955177409047415,0.9615894039735099
