model,roc_auc_mean,roc_auc_lo,roc_auc_hi,pr_auc_mean,pr_auc_lo,pr_auc_hi,brier_mean,brier_lo,brier_hi,f1_mean,f1_lo,f1_hi,precision_mean,precision_lo,precision_hi,recall_mean,recall_lo,recall_hi
XGBoost,0.8408051843719155,0.7607864567245906,0.9181356054908623,0.6819778024953138,0.5616796238635264,0.777328676206047,0.12785198321023902,0.09062614838488206,0.18003817040760184,0.5735707350921734,0.5023373592464563,0.626945211102376,0.44254337513403225,0.3498958669672895,0.5321631472218998,0.8281951661467174,0.6878830177594758,0.9368014860850705
LightGBM,0.8444816524712863,0.7650333537953352,0.9098369979326832,0.6728383062915543,0.5747911802680027,0.7523171889844009,0.1265701767126168,0.09105987766951987,0.1748049930539371,0.5905870362625703,0.5117117639596531,0.6477269103972985,0.45733066926428023,0.3601500753289535,0.5443907466824676,0.8438522286585162,0.7571389049040688,0.9265836884182185
CatBoost,0.8098806519480582,0.6886624066361366,0.908223534107821,0.635777541131619,0.4943007337167991,0.7594812848975581,0.13995110061352078,0.09676970689621224,0.19547177987826161,0.49757855946745183,0.43254044601044556,0.5539062387080297,0.3527487725643583,0.28247188084924524,0.43925746318269643,0.8631972902139904,0.7010269852405685,0.9733731463903474
HistGB,0.8323058578858104,0.738284018758592,0.9177030599292425,0.6913992599472333,0.5634933313640311,0.7911802302999332,0.12994955329703659,0.09302512867956227,0.18161372283390814,0.5076051751752377,0.424943716052891,0.5923244029109398,0.3571060341823255,0.27312067949316304,0.46193598915023076,0.8953165747955444,0.7968662194578571,0.9662974928440683
