,roc_auc,pr_auc,brier,f1,precision,recall,threshold
XGBoost,0.8373253644298406,0.6531766644875128,0.1259174112135526,0.5996941584259353,0.507576019052221,0.7326624153049024,0.3
