,roc_auc,pr_auc,brier,f1,precision,recall,threshold
XGBoost,0.8373253644298406,0.6531766644875128,0.1259174112135526,0.5754666843818508,0.4316143497757848,0.8631426863292149,0.21000000000000002
LightGBM,0.836635387582893,0.6669460826579023,0.12372459328357918,0.6124098063209418,0.5311242040547464,0.7230719410123555,0.27
CatBoost,0.7967058134880295,0.6248853247692359,0.13707569772143505,0.537605505080372,0.4198035319470488,0.7473096851335194,0.27
HistGB,0.8172974650555918,0.6507475432963913,0.13268284607502362,0.5742582683531376,0.5011418704394809,0.6723545237146273,0.34
