,roc_auc,pr_auc,brier,f1,precision,recall,threshold,baseline_pr_auc
XGBoost,0.843986380185825,0.6843483811041806,0.12387626863856739,0.5783671763435617,0.4445917001338688,0.8272967317656437,0.22,0.23188539741219963
LightGBM,0.8499732491839088,0.676246880621487,0.12255902671499821,0.5989921443943567,0.46471711855323006,0.8423923874053407,0.25,0.23188539741219963
CatBoost,0.8128746787854183,0.6337147344748678,0.13568374867024038,0.5003943931049954,0.3526411880501413,0.8612495017935432,0.23,0.23188539741219963
HistGB,0.8351882225125092,0.6926352648862748,0.12618465035389936,0.509264700676178,0.3557487808014561,0.8958499402152252,0.17,0.23188539741219963
