mean_pred,frac_pos
0.037591173033362874,0.02638395277392928
0.14757014158630077,0.0741620526435296
0.24869775895750856,0.22695092843561632
0.3539811291247574,0.30345088297240375
0.4413156880898664,0.4826663754981711
0.539081820179133,0.5676105631562202
0.6457802530720954,0.6388888888888888
0.7644856110298648,0.8384089496581728
0.8492920584081443,0.8015267175572519
0.984530907232467,0.9956164383561644
