mean_pred,frac_pos
0.057338969896653776,0.03425727113019715
0.1448118322896483,0.06080747464772684
0.25010240270958667,0.1927581863979849
0.34529663222424295,0.3373478860870656
0.4377574962715209,0.4073847824611417
0.5322201402408743,0.7983944259315359
0.6531947397959792,0.6467647875590113
0.7460965163177914,0.8184738955823293
0.84639671943057,0.8438570729319628
0.9615448904289327,0.9940065927479772
