mean_pred,frac_pos
0.08628965011874211,0.0011016613052483146
0.14898997367090513,0.07603848478413565
0.23639479885285689,0.20103732722708087
0.3476647660392517,0.2879950139035382
0.44577317182766474,0.5688305709023941
0.5480787696119633,0.6504713560551124
0.6410352020801897,0.6384218785025779
0.748406542102832,0.8596491228070176
0.8495189535345019,0.8703190013869625
0.9534882983993404,0.9929000546149646
