susceptibility,count,percent
0,827853,68.2123461550821
1,385788,31.787653844917894
