susceptibility,count,percent
0,827853,55.18232732130216
1,385788,25.715531250874875
,286573,19.102141427822964
